Workbook

Sheet README
A1: Healthcare MIS Practice Dataset (dummy data, no real patients)
A3: Scenario: you are an MIS Executive for a medical billing (RCM) team of 10 AR agents in 3 teams. You report to the operations manager.
A4: Aging / report date: 15-Oct-2026
A6: Sheets
A7: Claims_Raw: 1,010 rows. One row per claim (some duplicates). Columns: Claim ID, Patient ID, Facility, Payer, DOS, Submission Date, Billed Amount, Paid Amount, Status, Denial Reason, Assigned Agent.
A8: Agents: 10 agents with Team Lead and daily target (accounts per day).
A9: Daily_Productivity: daily work log, 1-Sep-2026 to 15-Oct-2026 (weekdays). Columns: Work Date, Agent, Accounts Worked, Hours Logged, Quality %.
A11: Rules
A12: Status values: Paid, Denied, Pending. Only Pending claims count as outstanding AR.
A13: Paid Amount is blank for Pending claims and 0 for Denied claims.
A15: Planted data issues (Claims_Raw)
A16: 1. 10 duplicate rows (same Claim ID twice)
... A20: 5. Agent names in lowercase or with extra spaces

Sheet Claims_Clean
A1: Claim ID | B1: Patient ID | C1: Facility | D1: Payer_clean | E1: DOS | F1: Submission Date | G1: Billed Amount | H1: Paid Amount | I1: Status_clean | J1: Denial Reason_clean | K1: Agent_clean | L1: Age_Days | M1: Aging_Bucket | N1: Outstanding_Amount | O1: Team_Lead | P1: Denied_Amount
A2: C20001 | B2: P-1411 | C2: Green Valley Health | D2: UnitedHealthcare | E2: 46234 | F2: 46254 | G2: 12200 | H2: 0 | I2: Denied | J2: Duplicate Claim | K2: Amit V | L2: =MIS_Report!$B$2-F2 -> 56 | M2: {=_xlfn.IFS(L2<=30,"0-30",L2<=60,"31-60",L2<=90,"61-90",TRUE,"90+")} -> 31-60 | N2: =IF(I2="Pending",G2-H2,0) -> 0 | O2: =VLOOKUP(K2,Agents!$A$1:$C$11,2,0) -> Manish Arora | P2: =IF(I2="Denied",G2,0) -> 12200
A3: C20002 | B3: P-1324 | C3: City Care Clinic | D3: UnitedHealthcare | E3: 46054 | F3: 46071 | G3: 8050 | H3: 7652.9 | I3: Paid | K3: Vikas R | L3: =MIS_Report!$B$2-F3 -> 239 | M3: {=_xlfn.IFS(L3<=30,"0-30",L3<=60,"31-60",L3<=90,"61-90",TRUE,"90+")} -> 90+ | N3: =IF(I3="Pending",G3-H3,0) -> 0 | O3: =VLOOKUP(K3,Agents!$A$1:$C$11,2,0) -> Sunita Rao | P3: =IF(I3="Denied",G3,0) -> 0
A4: C20003 | B4: P-1032 | C4: City Care Clinic | D4: Medicare | E4: 46246 | F4: 46254 | G4: 675 | I4: Pending | K4: Neha G | L4: =MIS_Report!$B$2-F4 -> 56 | M4: {=_xlfn.IFS(L4<=30,"0-30",L4<=60,"31-60",L4<=90,"61-90",TRUE,"90+")} -> 31-60 | N4: =IF(I4="Pending",G4-H4,0) -> 675 | O4: =VLOOKUP(K4,Agents!$A$1:$C$11,2,0) -> Manish Arora | P4: =IF(I4="Denied",G4,0) -> 0
A5: C20004 | B5: P-1327 | C5: Apex Ortho Center | D5: UnitedHealthcare | E5: 46021 | F5: 46038 | G5: 8650 | H5: 0 | I5: Denied | J5: Coding Error | K5: Priya K | L5: =MIS_Report!$B$2-F5 -> 272 | M5: {=_xlfn.IFS(L5<=30,"0-30",L5<=60,"31-60",L5<=90,"61-90",TRUE,"90+")} -> 90+ | N5: =IF(I5="Pending",G5-H5,0) -> 0 | O5: =VLOOKUP(K5,Agents!$A$1:$C$11,2,0) -> Manish Arora | P5: =IF(I5="Denied",G5,0) -> 8650
A6: C20005 | B6: P-1477 | C6: City Care Clinic | D6: Cigna | E6: 46246 | F6: 46257 | G6: 10700 | I6: Pending | K6: Pooja M | L6: =MIS_Report!$B$2-F6 -> 53 | M6: {=_xlfn.IFS(L6<=30,"0-30",L6<=60,"31-60",L6<=90,"61-90",TRUE,"90+")} -> 31-60 | N6: =IF(I6="Pending",G6-H6,0) -> 10700 | O6: =VLOOKUP(K6,Agents!$A$1:$C$11,2,0) -> Sunita Rao | P6: =IF(I6="Denied",G6,0) -> 0
A7: C20006 | B7: P-1055 | C7: Apex Ortho Center | D7: Aetna | E7: 46121 | F7: 46140 | G7: 7675 | H7: 4594 | I7: Paid | K7: Rahul S | L7: =MIS_Report!$B$2-F7 -> 170 | M7: {=_xlfn.IFS(L7<=30,"0-30",L7<=60,"31-60",L7<=90,"61-90",TRUE,"90+")} -> 90+ | N7: =IF(I7="Pending",G7-H7,0) -> 0 | O7: =VLOOKUP(K7,Agents!$A$1:$C$11,2,0) -> Manish Arora | P7: =IF(I7="Denied",G7,0) -> 0
A8: C20007 | B8: P-1026 | C8: Green Valley Health | D8: Aetna | E8: 46014 | F8: 46023 | G8: 5650 | I8: Pending | K8: Vikas R | L8: =MIS_Report!$B$2-F8 -> 287 | M8: {=_xlfn.IFS(L8<=30,"0-30",L8<=60,"31-60",L8<=90,"61-90",TRUE,"90+")} -> 90+ | N8: =IF(I8="Pending",G8-H8,0) -> 5650 | O8: =VLOOKUP(K8,Agents!$A$1:$C$11,2,0) -> Sunita Rao | P8: =IF(I8="Denied",G8,0) -> 0
A9: C20008 | B9: P-1398 | C9: Apex Ortho Center | D9: Medicaid | E9: 46232 | F9: 46237 | G9: 14775 | I9: Pending | K9: Sandeep Y | L9: =MIS_Report!$B$2-F9 -> 73 | M9: {=_xlfn.IFS(L9<=30,"0-30",L9<=60,"31-60",L9<=90,"61-90",TRUE,"90+")} -> 61-90 | N9: =IF(I9="Pending",G9-H9,0) -> 14775 | O9: =VLOOKUP(K9,Agents!$A$1:$C$11,2,0) -> Sunita Rao | P9: =IF(I9="Denied",G9,0) -> 0
A10: C20009 | B10: P-1051 | C10: City Care Clinic | D10: Medicare | E10: 46190 | F10: 46193 | G10: 10775 | H10: 7120.92 | I10: Paid | K10: Anjali T | L10: =MIS_Report!$B$2-F10 -> 117 | M10: {=_xlfn.IFS(L10<=30,"0-30",L10<=60,"31-60",L10<=90,"61-90",TRUE,"90+")} -> 90+ | N10: =IF(I10="Pending",G10-H10,0) -> 0 | O10: =VLOOKUP(K10,Agents!$A$1:$C$11,2,0) -> Deepak Nair | P10: =IF(I10="Denied",G10,0) -> 0
A11: C20010 | B11: P-1067 | C11: Green Valley Health | D11: Cigna | E11: 46093 | F11: 46113 | G11: 5100 | H11: 4484.7 | I11: Paid | K11: Priya K | L11: =MIS_Report!$B$2-F11 -> 197 | M11: {=_xlfn.IFS(L11<=30,"0-30",L11<=60,"31-60",L11<=90,"61-90",TRUE,"90+")} -> 90+ | N11: =IF(I11="Pending",G11-H11,0) -> 0 | O11: =VLOOKUP(K11,Agents!$A$1:$C$11,2,0) -> Manish Arora | P11: =IF(I11="Denied",G11,0) -> 0
A12: C20011 | B12: P-1303 | C12: Apex Ortho Center | D12: Self Pay | E12: 46209 | F12: 46225 | G12: 5725 | H12: 0 | I12: Denied | J12: Incorrect Patient Info | K12: Rahul S | L12: =MIS_Report!$B$2-F12 -> 85 | M12: {=_xlfn.IFS(L12<=30,"0-30",L12<=60,"31-60",L12<=90,"61-90",TRUE,"90+")} -> 61-90 | N12: =IF(I12="Pending",G12-H12,0) -> 0 | O12: =VLOOKUP(K12,Agents!$A$1:$C$11,2,0) -> Manish Arora | P12: =IF(I12="Denied",G12,0) -> 5725
A13: C20012 | B13: P-1308 | C13: City Care Clinic | D13: Medicare | E13: 46122 | F13: 46130 | G13: 10375 | I13: Pending | K13: Amit V | L13: =MIS_Report!$B$2-F13 -> 180 | M13: {=_xlfn.IFS(L13<=30,"0-30",L13<=60,"31-60",L13<=90,"61-90",TRUE,"90+")} -> 90+ | N13: =IF(I13="Pending",G13-H13,0) -> 10375 | O13: =VLOOKUP(K13,Agents!$A$1:$C$11,2,0) -> Manish Arora | P13: =IF(I13="Denied",G13,0) -> 0
A14: C20013 | B14: P-1197 | C14: City Care Clinic | D14: Medicare | E14: 46115 | F14: 46132 | G14: 6900 | H14: 6373.05 | I14: Paid | K14: Neha G | L14: =MIS_Report!$B$2-F14 -> 178 | M14: {=_xlfn.IFS(L14<=30,"0-30",L14<=60,"31-60",L14<=90,"61-90",TRUE,"90+")} -> 90+ | N14: =IF(I14="Pending",G14-H14,0) -> 0 | O14: =VLOOKUP(K14,Agents!$A$1:$C$11,2,0) -> Manish Arora | P14: =IF(I14="Denied",G14,0) -> 0
A15: C20014 | B15: P-1247 | C15: Sunrise Hospital | D15: Blue Cross | E15: 46144 | F15: 46147 | G15: 9725 | H15: 9546.16 | I15: Paid | K15: Amit V | L15: =MIS_Report!$B$2-F15 -> 163 | M15: {=_xlfn.IFS(L15<=30,"0-30",L15<=60,"31-60",L15<=90,"61-90",TRUE,"90+")} -> 90+ | N15: =IF(I15="Pending",G15-H15,0) -> 0 | O15: =VLOOKUP(K15,Agents!$A$1:$C$11,2,0) -> Manish Arora | P15: =IF(I15="Denied",G15,0) -> 0
A16: C20015 | B16: P-1127 | C16: Sunrise Hospital | D16: Medicare | E16: 46089 | F16: 46101 | G16: 6125 | I16: Pending | K16: Rohit B | L16: =MIS_Report!$B$2-F16 -> 209 | M16: {=_xlfn.IFS(L16<=30,"0-30",L16<=60,"31-60",L16<=90,"61-90",TRUE,"90+")} -> 90+ | N16: =IF(I16="Pending",G16-H16,0) -> 6125 | O16: =VLOOKUP(K16,Agents!$A$1:$C$11,2,0) -> Deepak Nair | P16: =IF(I16="Denied",G16,0) -> 0
A17: C20016 | B17: P-1019 | C17: Apex Ortho Center | D17: Medicaid | E17: 46108 | F17: 46123 | G17: 12650 | H17: 7548.61 | I17: Paid | K17: Vikas R | L17: =MIS_Report!$B$2-F17 -> 187 | M17: {=_xlfn.IFS(L17<=30,"0-30",L17<=60,"31-60",L17<=90,"61-90",TRUE,"90+")} -> 90+ | N17: =IF(I17="Pending",G17-H17,0) -> 0 | O17: =VLOOKUP(K17,Agents!$A$1:$C$11,2,0) -> Sunita Rao | P17: =IF(I17="Denied",G17,0) -> 0
A18: C20017 | B18: P-1035 | C18: Sunrise Hospital | D18: Medicaid | E18: 46138 | F18: 46154 | G18: 12850 | H18: 11232.94 | I18: Paid | K18: Rohit B | L18: =MIS_Report!$B$2-F18 -> 156 | M18: {=_xlfn.IFS(L18<=30,"0-30",L18<=60,"31-60",L18<=90,"61-90",TRUE,"90+")} -> 90+ | N18: =IF(I18="Pending",G18-H18,0) -> 0 | O18: =VLOOKUP(K18,Agents!$A$1:$C$11,2,0) -> Deepak Nair | P18: =IF(I18="Denied",G18,0) -> 0
A19: C20018 | B19: P-1104 | C19: City Care Clinic | D19: Medicare | E19: 46049 | F19: 46060 | G19: 5725 | I19: Pending | K19: Vikas R | L19: =MIS_Report!$B$2-F19 -> 250 | M19: {=_xlfn.IFS(L19<=30,"0-30",L19<=60,"31-60",L19<=90,"61-90",TRUE,"90+")} -> 90+ | N19: =IF(I19="Pending",G19-H19,0) -> 5725 | O19: =VLOOKUP(K19,Agents!$A$1:$C$11,2,0) -> Sunita Rao | P19: =IF(I19="Denied",G19,0) -> 0
A20: C20019 | B20: P-1498 | C20: Sunrise Hospital | D20: Medicare | E20: 46241 | F20: 46251 | G20: 1825 | H20: 1439.84 | I20: Paid | K20: Amit V | L20: =MIS_Report!$B$2-F20 -> 59 | M20: {=_xlfn.IFS(L20<=30,"0-30",L20<=60,"31-60",L20<=90,"61-90",TRUE,"90+")} -> 31-60 | N20: =IF(I20="Pending",G20-H20,0) -> 0 | O20: =VLOOKUP(K20,Agents!$A$1:$C$11,2,0) -> Manish Arora | P20: =IF(I20="Denied",G20,0) -> 0
A21: C20020 | B21: P-1071 | C21: City Care Clinic | D21: Humana | E21: 46240 | F21: 46253 | G21: 13650 | I21: Pending | K21: Anjali T | L21: =MIS_Report!$B$2-F21 -> 57 | M21: {=_xlfn.IFS(L21<=30,"0-30",L21<=60,"31-60",L21<=90,"61-90",TRUE,"90+")} -> 31-60 | N21: =IF(I21="Pending",G21-H21,0) -> 13650 | O21: =VLOOKUP(K21,Agents!$A$1:$C$11,2,0) -> Deepak Nair | P21: =IF(I21="Denied",G21,0) -> 0
A22: C20021 | B22: P-1374 | C22: Apex Ortho Center | D22: Medicaid | E22: 46194 | F22: 46206 | G22: 1150 | H22: 882.06 | I22: Paid | K22: Priya K | L22: =MIS_Report!$B$2-F22 -> 104 | M22: {=_xlfn.IFS(L22<=30,"0-30",L22<=60,"31-60",L22<=90,"61-90",TRUE,"90+")} -> 90+ | N22: =IF(I22="Pending",G22-H22,0) -> 0 | O22: =VLOOKUP(K22,Agents!$A$1:$C$11,2,0) -> Manish Arora | P22: =IF(I22="Denied",G22,0) -> 0
A23: C20022 | B23: P-1377 | C23: Sunrise Hospital | D23: Blue Cross | E23: 46044 | F23: 46061 | G23: 14275 | H23: 13865.48 | I23: Paid | K23: Pooja M | L23: =MIS_Report!$B$2-F23 -> 249 | M23: {=_xlfn.IFS(L23<=30,"0-30",L23<=60,"31-60",L23<=90,"61-90",TRUE,"90+")} -> 90+ | N23: =IF(I23="Pending",G23-H23,0) -> 0 | O23: =VLOOKUP(K23,Agents!$A$1:$C$11,2,0) -> Sunita Rao | P23: =IF(I23="Denied",G23,0) -> 0
A24: C20023 | B24: P-1446 | C24: Green Valley Health | D24: Humana | E24: 46198 | F24: 46203 | G24: 12400 | I24: Pending | K24: Rahul S | L24: =MIS_Report!$B$2-F24 -> 107 | M24: {=_xlfn.IFS(L24<=30,"0-30",L24<=60,"31-60",L24<=90,"61-90",TRUE,"90+")} -> 90+ | N24: =IF(I24="Pending",G24-H24,0) -> 12400 | O24: =VLOOKUP(K24,Agents!$A$1:$C$11,2,0) -> Manish Arora | P24: =IF(I24="Denied",G24,0) -> 0
A25: C20024 | B25: P-1006 | C25: City Care Clinic | D25: Medicare | E25: 46275 | F25: 46278 | G25: 10075 | I25: Pending | K25: Priya K | L25: =MIS_Report!$B$2-F25 -> 32 | M25: {=_xlfn.IFS(L25<=30,"0-30",L25<=60,"31-60",L25<=90,"61-90",TRUE,"90+")} -> 31-60 | N25: =IF(I25="Pending",G25-H25,0) -> 10075 | O25: =VLOOKUP(K25,Agents!$A$1:$C$11,2,0) -> Manish Arora | P25: =IF(I25="Denied",G25,0) -> 0
A26: C20025 | B26: P-1225 | C26: Green Valley Health | D26: Blue Cross | E26: 46138 | F26: 46154 | G26: 8750 | H26: 7100 | I26: Paid | K26: Priya K | L26: =MIS_Report!$B$2-F26 -> 156 | M26: {=_xlfn.IFS(L26<=30,"0-30",L26<=60,"31-60",L26<=90,"61-90",TRUE,"90+")} -> 90+ | N26: =IF(I26="Pending",G26-H26,0) -> 0 | O26: =VLOOKUP(K26,Agents!$A$1:$C$11,2,0) -> Manish Arora | P26: =IF(I26="Denied",G26,0) -> 0
A27: C20026 | B27: P-1044 | C27: Green Valley Health | D27: Medicare | E27: 46269 | F27: 46288 | G27: 1050 | I27: Pending | K27: Priya K | L27: =MIS_Report!$B$2-F27 -> 22 | M27: {=_xlfn.IFS(L27<=30,"0-30",L27<=60,"31-60",L27<=90,"61-90",TRUE,"90+")} -> 0-30 | N27: =IF(I27="Pending",G27-H27,0) -> 1050 | O27: =VLOOKUP(K27,Agents!$A$1:$C$11,2,0) -> Manish Arora | P27: =IF(I27="Denied",G27,0) -> 0
A28: C20027 | B28: P-1188 | C28: Apex Ortho Center | D28: Medicare | E28: 46259 | F28: 46277 | G28: 6825 | I28: Pending | K28: Kavita D | L28: =MIS_Report!$B$2-F28 -> 33 | M28: {=_xlfn.IFS(L28<=30,"0-30",L28<=60,"31-60",L28<=90,"61-90",TRUE,"90+")} -> 31-60 | N28: =IF(I28="Pending",G28-H28,0) -> 6825 | O28: =VLOOKUP(K28,Agents!$A$1:$C$11,2,0) -> Deepak Nair | P28: =IF(I28="Denied",G28,0) -> 0
A29: C20028 | B29: P-1255 | C29: Sunrise Hospital | D29: Medicaid | E29: 46107 | F29: 46126 | G29: 4625 | H29: 4479.94 | I29: Paid | K29: Sandeep Y | L29: =MIS_Report!$B$2-F29 -> 184 | M29: {=_xlfn.IFS(L29<=30,"0-30",L29<=60,"31-60",L29<=90,"61-90",TRUE,"90+")} -> 90+ | N29: =IF(I29="Pending",G29-H29,0) -> 0 | O29: =VLOOKUP(K29,Agents!$A$1:$C$11,2,0) -> Sunita Rao | P29: =IF(I29="Denied",G29,0) -> 0
A30: C20029 | B30: P-1196 | C30: Sunrise Hospital | D30: UnitedHealthcare | E30: 46108 | F30: 46124 | G30: 5425 | I30: Pending | K30: Pooja M | L30: =MIS_Report!$B$2-F30 -> 186 | M30: {=_xlfn.IFS(L30<=30,"0-30",L30<=60,"31-60",L30<=90,"61-90",TRUE,"90+")} -> 90+ | N30: =IF(I30="Pending",G30-H30,0) -> 5425 | O30: =VLOOKUP(K30,Agents!$A$1:$C$11,2,0) -> Sunita Rao | P30: =IF(I30="Denied",G30,0) -> 0
A31: C20030 | B31: P-1364 | C31: City Care Clinic | D31: Humana | E31: 46123 | F31: 46130 | G31: 3725 | H31: 0 | I31: Denied | J31: Medical Necessity Not Met | K31: Sandeep Y | L31: =MIS_Report!$B$2-F31 -> 180 | M31: {=_xlfn.IFS(L31<=30,"0-30",L31<=60,"31-60",L31<=90,"61-90",TRUE,"90+")} -> 90+ | N31: =IF(I31="Pending",G31-H31,0) -> 0 | O31: =VLOOKUP(K31,Agents!$A$1:$C$11,2,0) -> Sunita Rao | P31: =IF(I31="Denied",G31,0) -> 3725
A32: C20031 | B32: P-1195 | C32: Green Valley Health | D32: Cigna | E32: 46103 | F32: 46109 | G32: 11825 | H32: 0 | I32: Denied | J32: Medical Necessity Not Met | K32: Kavita D | L32: =MIS_Report!$B$2-F32 -> 201 | M32: {=_xlfn.IFS(L32<=30,"0-30",L32<=60,"31-60",L32<=90,"61-90",TRUE,"90+")} -> 90+ | N32: =IF(I32="Pending",G32-H32,0) -> 0 | O32: =VLOOKUP(K32,Agents!$A$1:$C$11,2,0) -> Deepak Nair | P32: =IF(I32="Denied",G32,0) -> 11825
A33: C20032 | B33: P-1142 | C33: City Care Clinic | D33: Cigna | E33: 46241 | F33: 46254 | G33: 2200 | I33: Pending | K33: Sandeep Y | L33: =MIS_Report!$B$2-F33 -> 56 | M33: {=_xlfn.IFS(L33<=30,"0-30",L33<=60,"31-60",L33<=90,"61-90",TRUE,"90+")} -> 31-60 | N33: =IF(I33="Pending",G33-H33,0) -> 2200 | O33: =VLOOKUP(K33,Agents!$A$1:$C$11,2,0) -> Sunita Rao | P33: =IF(I33="Denied",G33,0) -> 0
A34: C20033 | B34: P-1012 | C34: Apex Ortho Center | D34: Medicaid | E34: 46192 | F34: 46204 | G34: 14725 | H34: 11112.58 | I34: Paid | K34: Amit V | L34: =MIS_Report!$B$2-F34 -> 106 | M34: {=_xlfn.IFS(L34<=30,"0-30",L34<=60,"31-60",L34<=90,"61-90",TRUE,"90+")} -> 90+ | N34: =IF(I34="Pending",G34-H34,0) -> 0 | O34: =VLOOKUP(K34,Agents!$A$1:$C$11,2,0) -> Manish Arora | P34: =IF(I34="Denied",G34,0) -> 0
A35: C20034 | B35: P-1188 | C35: City Care Clinic | D35: Cigna | E35: 46041 | F35: 46047 | G35: 11725 | H35: 9825.11 | I35: Paid | K35: Neha G | L35: =MIS_Report!$B$2-F35 -> 263 | M35: {=_xlfn.IFS(L35<=30,"0-30",L35<=60,"31-60",L35<=90,"61-90",TRUE,"90+")} -> 90+ | N35: =IF(I35="Pending",G35-H35,0) -> 0 | O35: =VLOOKUP(K35,Agents!$A$1:$C$11,2,0) -> Manish Arora | P35: =IF(I35="Denied",G35,0) -> 0
A36: C20035 | B36: P-1386 | C36: Green Valley Health | D36: UnitedHealthcare | E36: 46255 | F36: 46266 | G36: 4850 | I36: Pending | K36: Rahul S | L36: =MIS_Report!$B$2-F36 -> 44 | M36: {=_xlfn.IFS(L36<=30,"0-30",L36<=60,"31-60",L36<=90,"61-90",TRUE,"90+")} -> 31-60 | N36: =IF(I36="Pending",G36-H36,0) -> 4850 | O36: =VLOOKUP(K36,Agents!$A$1:$C$11,2,0) -> Manish Arora | P36: =IF(I36="Denied",G36,0) -> 0
A37: C20036 | B37: P-1256 | C37: Sunrise Hospital | D37: Aetna | E37: 46104 | F37: 46114 | G37: 7250 | H37: 7076.5 | I37: Paid | K37: Neha G | L37: =MIS_Report!$B$2-F37 -> 196 | M37: {=_xlfn.IFS(L37<=30,"0-30",L37<=60,"31-60",L37<=90,"61-90",TRUE,"90+")} -> 90+ | N37: =IF(I37="Pending",G37-H37,0) -> 0 | O37: =VLOOKUP(K37,Agents!$A$1:$C$11,2,0) -> Manish Arora | P37: =IF(I37="Denied",G37,0) -> 0
A38: C20037 | B38: P-1465 | C38: City Care Clinic | D38: Aetna | E38: 46051 | F38: 46067 | G38: 10225 | H38: 8502.05 | I38: Paid | K38: Kavita D | L38: =MIS_Report!$B$2-F38 -> 243 | M38: {=_xlfn.IFS(L38<=30,"0-30",L38<=60,"31-60",L38<=90,"61-90",TRUE,"90+")} -> 90+ | N38: =IF(I38="Pending",G38-H38,0) -> 0 | O38: =VLOOKUP(K38,Agents!$A$1:$C$11,2,0) -> Deepak Nair | P38: =IF(I38="Denied",G38,0) -> 0
A39: C20038 | B39: P-1104 | C39: City Care Clinic | D39: Cigna | E39: 46267 | F39: 46280 | G39: 12150 | I39: Pending | K39: Priya K | L39: =MIS_Report!$B$2-F39 -> 30 | M39: {=_xlfn.IFS(L39<=30,"0-30",L39<=60,"31-60",L39<=90,"61-90",TRUE,"90+")} -> 0-30 | N39: =IF(I39="Pending",G39-H39,0) -> 12150 | O39: =VLOOKUP(K39,Agents!$A$1:$C$11,2,0) -> Manish Arora | P39: =IF(I39="Denied",G39,0) -> 0
A40: C20039 | B40: P-1500 | C40: Apex Ortho Center | D40: UnitedHealthcare | E40: 46122 | F40: 46132 | G40: 10275 | I40: Pending | K40: Pooja M | L40: =MIS_Report!$B$2-F40 -> 178 | M40: {=_xlfn.IFS(L40<=30,"0-30",L40<=60,"31-60",L40<=90,"61-90",TRUE,"90+")} -> 90+ | N40: =IF(I40="Pending",G40-H40,0) -> 10275 | O40: =VLOOKUP(K40,Agents!$A$1:$C$11,2,0) -> Sunita Rao | P40: =IF(I40="Denied",G40,0) -> 0
A41: C20040 | B41: P-1215 | C41: Apex Ortho Center | D41: UnitedHealthcare | E41: 46154 | F41: 46157 | G41: 9200 | H41: 6476.1 | I41: Paid | K41: Rahul S | L41: =MIS_Report!$B$2-F41 -> 153 | M41: {=_xlfn.IFS(L41<=30,"0-30",L41<=60,"31-60",L41<=90,"61-90",TRUE,"90+")} -> 90+ | N41: =IF(I41="Pending",G41-H41,0) -> 0 | O41: =VLOOKUP(K41,Agents!$A$1:$C$11,2,0) -> Manish Arora | P41: =IF(I41="Denied",G41,0) -> 0
A42: C20041 | B42: P-1403 | C42: Sunrise Hospital | D42: Aetna | E42: 46129 | F42: 46134 | G42: 11275 | H42: 7900.98 | I42: Paid | K42: Rohit B | L42: =MIS_Report!$B$2-F42 -> 176 | M42: {=_xlfn.IFS(L42<=30,"0-30",L42<=60,"31-60",L42<=90,"61-90",TRUE,"90+")} -> 90+ | N42: =IF(I42="Pending",G42-H42,0) -> 0 | O42: =VLOOKUP(K42,Agents!$A$1:$C$11,2,0) -> Deepak Nair | P42: =IF(I42="Denied",G42,0) -> 0
A43: C20042 | B43: P-1352 | C43: City Care Clinic | D43: Blue Cross | E43: 46271 | F43: 46288 | G43: 12900 | I43: Pending | K43: Anjali T | L43: =MIS_Report!$B$2-F43 -> 22 | M43: {=_xlfn.IFS(L43<=30,"0-30",L43<=60,"31-60",L43<=90,"61-90",TRUE,"90+")} -> 0-30 | N43: =IF(I43="Pending",G43-H43,0) -> 12900 | O43: =VLOOKUP(K43,Agents!$A$1:$C$11,2,0) -> Deepak Nair | P43: =IF(I43="Denied",G43,0) -> 0
A44: C20043 | B44: P-1287 | C44: Sunrise Hospital | D44: UnitedHealthcare | E44: 46272 | F44: 46292 | G44: 7725 | I44: Pending | K44: Rohit B | L44: =MIS_Report!$B$2-F44 -> 18 | M44: {=_xlfn.IFS(L44<=30,"0-30",L44<=60,"31-60",L44<=90,"61-90",TRUE,"90+")} -> 0-30 | N44: =IF(I44="Pending",G44-H44,0) -> 7725 | O44: =VLOOKUP(K44,Agents!$A$1:$C$11,2,0) -> Deepak Nair | P44: =IF(I44="Denied",G44,0) -> 0
A45: C20044 | B45: P-1445 | C45: Sunrise Hospital | D45: Medicaid | E45: 46142 | F45: 46154 | G45: 10050 | I45: Pending | K45: Amit V | L45: =MIS_Report!$B$2-F45 -> 156 | M45: {=_xlfn.IFS(L45<=30,"0-30",L45<=60,"31-60",L45<=90,"61-90",TRUE,"90+")} -> 90+ | N45: =IF(I45="Pending",G45-H45,0) -> 10050 | O45: =VLOOKUP(K45,Agents!$A$1:$C$11,2,0) -> Manish Arora | P45: =IF(I45="Denied",G45,0) -> 0
A46: C20045 | B46: P-1210 | C46: City Care Clinic | D46: UnitedHealthcare | E46: 46280 | F46: 46291 | G46: 14950 | I46: Pending | K46: Kavita D | L46: =MIS_Report!$B$2-F46 -> 19 | M46: {=_xlfn.IFS(L46<=30,"0-30",L46<=60,"31-60",L46<=90,"61-90",TRUE,"90+")} -> 0-30 | N46: =IF(I46="Pending",G46-H46,0) -> 14950 | O46: =VLOOKUP(K46,Agents!$A$1:$C$11,2,0) -> Deepak Nair | P46: =IF(I46="Denied",G46,0) -> 0
A47: C20046 | B47: P-1264 | C47: Green Valley Health | D47: UnitedHealthcare | E47: 46213 | F47: 46216 | G47: 14075 | I47: Pending | K47: Kavita D | L47: =MIS_Report!$B$2-F47 -> 94 | M47: {=_xlfn.IFS(L47<=30,"0-30",L47<=60,"31-60",L47<=90,"61-90",TRUE,"90+")} -> 90+ | N47: =IF(I47="Pending",G47-H47,0) -> 14075 | O47: =VLOOKUP(K47,Agents!$A$1:$C$11,2,0) -> Deepak Nair | P47: =IF(I47="Denied",G47,0) -> 0
A48: C20047 | B48: P-1211 | C48: Green Valley Health | D48: Medicaid | E48: 46067 | F48: 46085 | G48: 2675 | H48: 2119.73 | I48: Paid | K48: Anjali T | L48: =MIS_Report!$B$2-F48 -> 225 | M48: {=_xlfn.IFS(L48<=30,"0-30",L48<=60,"31-60",L48<=90,"61-90",TRUE,"90+")} -> 90+ | N48: =IF(I48="Pending",G48-H48,0) -> 0 | O48: =VLOOKUP(K48,Agents!$A$1:$C$11,2,0) -> Deepak Nair | P48: =IF(I48="Denied",G48,0) -> 0
A49: C20048 | B49: P-1417 | C49: Green Valley Health | D49: UnitedHealthcare | E49: 46268 | F49: 46275 | G49: 8975 | I49: Pending | K49: Priya K | L49: =MIS_Report!$B$2-F49 -> 35 | M49: {=_xlfn.IFS(L49<=30,"0-30",L49<=60,"31-60",L49<=90,"61-90",TRUE,"90+")} -> 31-60 | N49: =IF(I49="Pending",G49-H49,0) -> 8975 | O49: =VLOOKUP(K49,Agents!$A$1:$C$11,2,0) -> Manish Arora | P49: =IF(I49="Denied",G49,0) -> 0
A50: C20049 | B50: P-1066 | C50: City Care Clinic | D50: Medicare | E50: 46105 | F50: 46121 | G50: 1050 | I50: Pending | K50: Amit V | L50: =MIS_Report!$B$2-F50 -> 189 | M50: {=_xlfn.IFS(L50<=30,"0-30",L50<=60,"31-60",L50<=90,"61-90",TRUE,"90+")} -> 90+ | N50: =IF(I50="Pending",G50-H50,0) -> 1050 | O50: =VLOOKUP(K50,Agents!$A$1:$C$11,2,0) -> Manish Arora | P50: =IF(I50="Denied",G50,0) -> 0
A51: C20050 | B51: P-1053 | C51: Green Valley Health | D51: Cigna | E51: 46136 | F51: 46139 | G51: 7550 | H51: 6258.16 | I51: Paid | K51: Priya K | L51: =MIS_Report!$B$2-F51 -> 171 | M51: {=_xlfn.IFS(L51<=30,"0-30",L51<=60,"31-60",L51<=90,"61-90",TRUE,"90+")} -> 90+ | N51: =IF(I51="Pending",G51-H51,0) -> 0 | O51: =VLOOKUP(K51,Agents!$A$1:$C$11,2,0) -> Manish Arora | P51: =IF(I51="Denied",G51,0) -> 0
A52: C20051 | B52: P-1449 | C52: Green Valley Health | D52: Medicare | E52: 46273 | F52: 46284 | G52: 5350 | I52: Pending | K52: Vikas R | L52: =MIS_Report!$B$2-F52 -> 26 | M52: {=_xlfn.IFS(L52<=30,"0-30",L52<=60,"31-60",L52<=90,"61-90",TRUE,"90+")} -> 0-30 | N52: =IF(I52="Pending",G52-H52,0) -> 5350 | O52: =VLOOKUP(K52,Agents!$A$1:$C$11,2,0) -> Sunita Rao | P52: =IF(I52="Denied",G52,0) -> 0
A53: C20052 | B53: P-1271 | C53: Sunrise Hospital | D53: Blue Cross | E53: 46286 | F53: 46294 | G53: 14075 | H53: 11785.14 | I53: Paid | K53: Kavita D | L53: =MIS_Report!$B$2-F53 -> 16 | M53: {=_xlfn.IFS(L53<=30,"0-30",L53<=60,"31-60",L53<=90,"61-90",TRUE,"90+")} -> 0-30 | N53: =IF(I53="Pending",G53-H53,0) -> 0 | O53: =VLOOKUP(K53,Agents!$A$1:$C$11,2,0) -> Deepak Nair | P53: =IF(I53="Denied",G53,0) -> 0
A54: C20053 | B54: P-1161 | C54: Apex Ortho Center | D54: Humana | E54: 46082 | F54: 46092 | G54: 9175 | I54: Pending | K54: Neha G | L54: =MIS_Report!$B$2-F54 -> 218 | M54: {=_xlfn.IFS(L54<=30,"0-30",L54<=60,"31-60",L54<=90,"61-90",TRUE,"90+")} -> 90+ | N54: =IF(I54="Pending",G54-H54,0) -> 9175 | O54: =VLOOKUP(K54,Agents!$A$1:$C$11,2,0) -> Manish Arora | P54: =IF(I54="Denied",G54,0) -> 0
A55: C20054 | B55: P-1132 | C55: Green Valley Health | D55: Medicare | E55: 46125 | F55: 46134 | G55: 2775 | H55: 2433.56 | I55: Paid | K55: Vikas R | L55: =MIS_Report!$B$2-F55 -> 176 | M55: {=_xlfn.IFS(L55<=30,"0-30",L55<=60,"31-60",L55<=90,"61-90",TRUE,"90+")} -> 90+ | N55: =IF(I55="Pending",G55-H55,0) -> 0 | O55: =VLOOKUP(K55,Agents!$A$1:$C$11,2,0) -> Sunita Rao | P55: =IF(I55="Denied",G55,0) -> 0
A56: C20055 | B56: P-1291 | C56: Apex Ortho Center | D56: Humana | E56: 46078 | F56: 46087 | G56: 10600 | H56: 6288.19 | I56: Paid | K56: Pooja M | L56: =MIS_Report!$B$2-F56 -> 223 | M56: {=_xlfn.IFS(L56<=30,"0-30",L56<=60,"31-60",L56<=90,"61-90",TRUE,"90+")} -> 90+ | N56: =IF(I56="Pending",G56-H56,0) -> 0 | O56: =VLOOKUP(K56,Agents!$A$1:$C$11,2,0) -> Sunita Rao | P56: =IF(I56="Denied",G56,0) -> 0
A57: C20056 | B57: P-1036 | C57: Green Valley Health | D57: Medicare | E57: 46063 | F57: 46082 | G57: 9075 | H57: 5763.11 | I57: Paid | K57: Rahul S | L57: =MIS_Report!$B$2-F57 -> 228 | M57: {=_xlfn.IFS(L57<=30,"0-30",L57<=60,"31-60",L57<=90,"61-90",TRUE,"90+")} -> 90+ | N57: =IF(I57="Pending",G57-H57,0) -> 0 | O57: =VLOOKUP(K57,Agents!$A$1:$C$11,2,0) -> Manish Arora | P57: =IF(I57="Denied",G57,0) -> 0
A58: C20057 | B58: P-1080 | C58: Apex Ortho Center | D58: Humana | E58: 46268 | F58: 46286 | G58: 4050 | H58: 2541.87 | I58: Paid | K58: Priya K | L58: =MIS_Report!$B$2-F58 -> 24 | M58: {=_xlfn.IFS(L58<=30,"0-30",L58<=60,"31-60",L58<=90,"61-90",TRUE,"90+")} -> 0-30 | N58: =IF(I58="Pending",G58-H58,0) -> 0 | O58: =VLOOKUP(K58,Agents!$A$1:$C$11,2,0) -> Manish Arora | P58: =IF(I58="Denied",G58,0) -> 0
A59: C20058 | B59: P-1218 | C59: Apex Ortho Center | D59: Aetna | E59: 46047 | F59: 46054 | G59: 12125 | H59: 8801.51 | I59: Paid | K59: Kavita D | L59: =MIS_Report!$B$2-F59 -> 256 | M59: {=_xlfn.IFS(L59<=30,"0-30",L59<=60,"31-60",L59<=90,"61-90",TRUE,"90+")} -> 90+ | N59: =IF(I59="Pending",G59-H59,0) -> 0 | O59: =VLOOKUP(K59,Agents!$A$1:$C$11,2,0) -> Deepak Nair | P59: =IF(I59="Denied",G59,0) -> 0
A60: C20059 | B60: P-1092 | C60: Green Valley Health | D60: Aetna | E60: 46211 | F60: 46214 | G60: 1325 | I60: Pending | K60: Pooja M | L60: =MIS_Report!$B$2-F60 -> 96 | M60: {=_xlfn.IFS(L60<=30,"0-30",L60<=60,"31-60",L60<=90,"61-90",TRUE,"90+")} -> 90+ | N60: =IF(I60="Pending",G60-H60,0) -> 1325 | O60: =VLOOKUP(K60,Agents!$A$1:$C$11,2,0) -> Sunita Rao | P60: =IF(I60="Denied",G60,0) -> 0
A61: C20060 | B61: P-1043 | C61: Green Valley Health | D61: UnitedHealthcare | E61: 46221 | F61: 46230 | G61: 4525 | H61: 3147.88 | I61: Paid | K61: Neha G | L61: =MIS_Report!$B$2-F61 -> 80 | M61: {=_xlfn.IFS(L61<=30,"0-30",L61<=60,"31-60",L61<=90,"61-90",TRUE,"90+")} -> 61-90 | N61: =IF(I61="Pending",G61-H61,0) -> 0 | O61: =VLOOKUP(K61,Agents!$A$1:$C$11,2,0) -> Manish Arora | P61: =IF(I61="Denied",G61,0) -> 0
A62: C20061 | B62: P-1059 | C62: Sunrise Hospital | D62: Blue Cross | E62: 46268 | F62: 46281 | G62: 6900 | I62: Pending | K62: Vikas R | L62: =MIS_Report!$B$2-F62 -> 29 | M62: {=_xlfn.IFS(L62<=30,"0-30",L62<=60,"31-60",L62<=90,"61-90",TRUE,"90+")} -> 0-30 | N62: =IF(I62="Pending",G62-H62,0) -> 6900 | O62: =VLOOKUP(K62,Agents!$A$1:$C$11,2,0) -> Sunita Rao | P62: =IF(I62="Denied",G62,0) -> 0
A63: C20062 | B63: P-1207 | C63: Sunrise Hospital | D63: Cigna | E63: 46078 | F63: 46091 | G63: 14075 | H63: 12588.02 | I63: Paid | K63: Priya K | L63: =MIS_Report!$B$2-F63 -> 219 | M63: {=_xlfn.IFS(L63<=30,"0-30",L63<=60,"31-60",L63<=90,"61-90",TRUE,"90+")} -> 90+ | N63: =IF(I63="Pending",G63-H63,0) -> 0 | O63: =VLOOKUP(K63,Agents!$A$1:$C$11,2,0) -> Manish Arora | P63: =IF(I63="Denied",G63,0) -> 0
A64: C20063 | B64: P-1462 | C64: City Care Clinic | D64: Medicaid | E64: 46185 | F64: 46197 | G64: 12300 | H64: 0 | I64: Denied | J64: Incorrect Patient Info | K64: Sandeep Y | L64: =MIS_Report!$B$2-F64 -> 113 | M64: {=_xlfn.IFS(L64<=30,"0-30",L64<=60,"31-60",L64<=90,"61-90",TRUE,"90+")} -> 90+ | N64: =IF(I64="Pending",G64-H64,0) -> 0 | O64: =VLOOKUP(K64,Agents!$A$1:$C$11,2,0) -> Sunita Rao | P64: =IF(I64="Denied",G64,0) -> 12300
A65: C20064 | B65: P-1254 | C65: Sunrise Hospital | D65: Cigna | E65: 46186 | F65: 46195 | G65: 10675 | H65: 7742.76 | I65: Paid | K65: Vikas R | L65: =MIS_Report!$B$2-F65 -> 115 | M65: {=_xlfn.IFS(L65<=30,"0-30",L65<=60,"31-60",L65<=90,"61-90",TRUE,"90+")} -> 90+ | N65: =IF(I65="Pending",G65-H65,0) -> 0 | O65: =VLOOKUP(K65,Agents!$A$1:$C$11,2,0) -> Sunita Rao | P65: =IF(I65="Denied",G65,0) -> 0
A66: C20065 | B66: P-1025 | C66: Sunrise Hospital | D66: Cigna | E66: 46028 | F66: 46034 | G66: 3050 | H66: 2228.64 | I66: Paid | K66: Rahul S | L66: =MIS_Report!$B$2-F66 -> 276 | M66: {=_xlfn.IFS(L66<=30,"0-30",L66<=60,"31-60",L66<=90,"61-90",TRUE,"90+")} -> 90+ | N66: =IF(I66="Pending",G66-H66,0) -> 0 | O66: =VLOOKUP(K66,Agents!$A$1:$C$11,2,0) -> Manish Arora | P66: =IF(I66="Denied",G66,0) -> 0
A67: C20066 | B67: P-1212 | C67: City Care Clinic | D67: UnitedHealthcare | E67: 46062 | F67: 46073 | G67: 6700 | H67: 5314.57 | I67: Paid | K67: Priya K | L67: =MIS_Report!$B$2-F67 -> 237 | M67: {=_xlfn.IFS(L67<=30,"0-30",L67<=60,"31-60",L67<=90,"61-90",TRUE,"90+")} -> 90+ | N67: =IF(I67="Pending",G67-H67,0) -> 0 | O67: =VLOOKUP(K67,Agents!$A$1:$C$11,2,0) -> Manish Arora | P67: =IF(I67="Denied",G67,0) -> 0
A68: C20067 | B68: P-1277 | C68: City Care Clinic | D68: Aetna | E68: 46031 | F68: 46046 | G68: 4375 | H68: 0 | I68: Denied | J68: Medical Necessity Not Met | K68: Anjali T | L68: =MIS_Report!$B$2-F68 -> 264 | M68: {=_xlfn.IFS(L68<=30,"0-30",L68<=60,"31-60",L68<=90,"61-90",TRUE,"90+")} -> 90+ | N68: =IF(I68="Pending",G68-H68,0) -> 0 | O68: =VLOOKUP(K68,Agents!$A$1:$C$11,2,0) -> Deepak Nair | P68: =IF(I68="Denied",G68,0) -> 4375
A69: C20068 | B69: P-1247 | C69: Apex Ortho Center | D69: UnitedHealthcare | E69: 46226 | F69: 46238 | G69: 13775 | H69: 10864.12 | I69: Paid | K69: Sandeep Y | L69: =MIS_Report!$B$2-F69 -> 72 | M69: {=_xlfn.IFS(L69<=30,"0-30",L69<=60,"31-60",L69<=90,"61-90",TRUE,"90+")} -> 61-90 | N69: =IF(I69="Pending",G69-H69,0) -> 0 | O69: =VLOOKUP(K69,Agents!$A$1:$C$11,2,0) -> Sunita Rao | P69: =IF(I69="Denied",G69,0) -> 0
A70: C20069 | B70: P-1209 | C70: Green Valley Health | D70: Medicare | E70: 46171 | F70: 46174 | G70: 650 | H70: 542.65 | I70: Paid | K70: Pooja M | L70: =MIS_Report!$B$2-F70 -> 136 | M70: {=_xlfn.IFS(L70<=30,"0-30",L70<=60,"31-60",L70<=90,"61-90",TRUE,"90+")} -> 90+ | N70: =IF(I70="Pending",G70-H70,0) -> 0 | O70: =VLOOKUP(K70,Agents!$A$1:$C$11,2,0) -> Sunita Rao | P70: =IF(I70="Denied",G70,0) -> 0
A71: C20070 | B71: P-1244 | C71: Apex Ortho Center | D71: Self Pay | E71: 46222 | F71: 46226 | G71: 8450 | H71: 0 | I71: Denied | J71: Coding Error | K71: Neha G | L71: =MIS_Report!$B$2-F71 -> 84 | M71: {=_xlfn.IFS(L71<=30,"0-30",L71<=60,"31-60",L71<=90,"61-90",TRUE,"90+")} -> 61-90 | N71: =IF(I71="Pending",G71-H71,0) -> 0 | O71: =VLOOKUP(K71,Agents!$A$1:$C$11,2,0) -> Manish Arora | P71: =IF(I71="Denied",G71,0) -> 8450
A72: C20071 | B72: P-1370 | C72: Green Valley Health | D72: Medicare | E72: 46027 | F72: 46046 | G72: 2800 | I72: Pending | K72: Neha G | L72: =MIS_Report!$B$2-F72 -> 264 | M72: {=_xlfn.IFS(L72<=30,"0-30",L72<=60,"31-60",L72<=90,"61-90",TRUE,"90+")} -> 90+ | N72: =IF(I72="Pending",G72-H72,0) -> 2800 | O72: =VLOOKUP(K72,Agents!$A$1:$C$11,2,0) -> Manish Arora | P72: =IF(I72="Denied",G72,0) -> 0
A73: C20072 | B73: P-1270 | C73: Sunrise Hospital | D73: Medicare | E73: 46077 | F73: 46081 | G73: 10975 | H73: 6293.34 | I73: Paid | K73: Anjali T | L73: =MIS_Report!$B$2-F73 -> 229 | M73: {=_xlfn.IFS(L73<=30,"0-30",L73<=60,"31-60",L73<=90,"61-90",TRUE,"90+")} -> 90+ | N73: =IF(I73="Pending",G73-H73,0) -> 0 | O73: =VLOOKUP(K73,Agents!$A$1:$C$11,2,0) -> Deepak Nair | P73: =IF(I73="Denied",G73,0) -> 0
A74: C20073 | B74: P-1186 | C74: Sunrise Hospital | D74: Humana | E74: 46078 | F74: 46094 | G74: 11950 | H74: 10239.99 | I74: Paid | K74: Amit V | L74: =MIS_Report!$B$2-F74 -> 216 | M74: {=_xlfn.IFS(L74<=30,"0-30",L74<=60,"31-60",L74<=90,"61-90",TRUE,"90+")} -> 90+ | N74: =IF(I74="Pending",G74-H74,0) -> 0 | O74: =VLOOKUP(K74,Agents!$A$1:$C$11,2,0) -> Manish Arora | P74: =IF(I74="Denied",G74,0) -> 0
A75: C20074 | B75: P-1433 | C75: Apex Ortho Center | D75: Medicaid | E75: 46127 | F75: 46145 | G75: 3200 | H75: 2490.59 | I75: Paid | K75: Kavita D | L75: =MIS_Report!$B$2-F75 -> 165 | M75: {=_xlfn.IFS(L75<=30,"0-30",L75<=60,"31-60",L75<=90,"61-90",TRUE,"90+")} -> 90+ | N75: =IF(I75="Pending",G75-H75,0) -> 0 | O75: =VLOOKUP(K75,Agents!$A$1:$C$11,2,0) -> Deepak Nair | P75: =IF(I75="Denied",G75,0) -> 0
A76: C20075 | B76: P-1468 | C76: Sunrise Hospital | D76: Blue Cross | E76: 46109 | F76: 46120 | G76: 6425 | H76: 6366.37 | I76: Paid | K76: Rahul S | L76: =MIS_Report!$B$2-F76 -> 190 | M76: {=_xlfn.IFS(L76<=30,"0-30",L76<=60,"31-60",L76<=90,"61-90",TRUE,"90+")} -> 90+ | N76: =IF(I76="Pending",G76-H76,0) -> 0 | O76: =VLOOKUP(K76,Agents!$A$1:$C$11,2,0) -> Manish Arora | P76: =IF(I76="Denied",G76,0) -> 0
A77: C20076 | B77: P-1113 | C77: Apex Ortho Center | D77: Medicare | E77: 46051 | F77: 46054 | G77: 7225 | H77: 4097.44 | I77: Paid | K77: Priya K | L77: =MIS_Report!$B$2-F77 -> 256 | M77: {=_xlfn.IFS(L77<=30,"0-30",L77<=60,"31-60",L77<=90,"61-90",TRUE,"90+")} -> 90+ | N77: =IF(I77="Pending",G77-H77,0) -> 0 | O77: =VLOOKUP(K77,Agents!$A$1:$C$11,2,0) -> Manish Arora | P77: =IF(I77="Denied",G77,0) -> 0
A78: C20077 | B78: P-1107 | C78: Apex Ortho Center | D78: Medicaid | E78: 46085 | F78: 46105 | G78: 6300 | H78: 4821.7 | I78: Paid | K78: Amit V | L78: =MIS_Report!$B$2-F78 -> 205 | M78: {=_xlfn.IFS(L78<=30,"0-30",L78<=60,"31-60",L78<=90,"61-90",TRUE,"90+")} -> 90+ | N78: =IF(I78="Pending",G78-H78,0) -> 0 | O78: =VLOOKUP(K78,Agents!$A$1:$C$11,2,0) -> Manish Arora | P78: =IF(I78="Denied",G78,0) -> 0
A79: C20078 | B79: P-1319 | C79: Sunrise Hospital | D79: Aetna | E79: 46055 | F79: 46061 | G79: 11750 | I79: Pending | K79: Sandeep Y | L79: =MIS_Report!$B$2-F79 -> 249 | M79: {=_xlfn.IFS(L79<=30,"0-30",L79<=60,"31-60",L79<=90,"61-90",TRUE,"90+")} -> 90+ | N79: =IF(I79="Pending",G79-H79,0) -> 11750 | O79: =VLOOKUP(K79,Agents!$A$1:$C$11,2,0) -> Sunita Rao | P79: =IF(I79="Denied",G79,0) -> 0
A80: C20079 | B80: P-1148 | C80: Sunrise Hospital | D80: Aetna | E80: 46215 | F80: 46222 | G80: 9725 | H80: 0 | I80: Denied | J80: Coding Error | K80: Pooja M | L80: =MIS_Report!$B$2-F80 -> 88 | M80: {=_xlfn.IFS(L80<=30,"0-30",L80<=60,"31-60",L80<=90,"61-90",TRUE,"90+")} -> 61-90 | N80: =IF(I80="Pending",G80-H80,0) -> 0 | O80: =VLOOKUP(K80,Agents!$A$1:$C$11,2,0) -> Sunita Rao | P80: =IF(I80="Denied",G80,0) -> 9725
A81: C20080 | B81: P-1248 | C81: Green Valley Health | D81: Medicaid | E81: 46055 | F81: 46072 | G81: 8575 | H81: 6893.42 | I81: Paid | K81: Rahul S | L81: =MIS_Report!$B$2-F81 -> 238 | M81: {=_xlfn.IFS(L81<=30,"0-30",L81<=60,"31-60",L81<=90,"61-90",TRUE,"90+")} -> 90+ | N81: =IF(I81="Pending",G81-H81,0) -> 0 | O81: =VLOOKUP(K81,Agents!$A$1:$C$11,2,0) -> Manish Arora | P81: =IF(I81="Denied",G81,0) -> 0
A82: C20081 | B82: P-1309 | C82: City Care Clinic | D82: Cigna | E82: 46049 | F82: 46061 | G82: 5750 | I82: Pending | K82: Anjali T | L82: =MIS_Report!$B$2-F82 -> 249 | M82: {=_xlfn.IFS(L82<=30,"0-30",L82<=60,"31-60",L82<=90,"61-90",TRUE,"90+")} -> 90+ | N82: =IF(I82="Pending",G82-H82,0) -> 5750 | O82: =VLOOKUP(K82,Agents!$A$1:$C$11,2,0) -> Deepak Nair | P82: =IF(I82="Denied",G82,0) -> 0
A83: C20082 | B83: P-1464 | C83: City Care Clinic | D83: Medicaid | E83: 46178 | F83: 46190 | G83: 3950 | H83: 2753.86 | I83: Paid | K83: Anjali T | L83: =MIS_Report!$B$2-F83 -> 120 | M83: {=_xlfn.IFS(L83<=30,"0-30",L83<=60,"31-60",L83<=90,"61-90",TRUE,"90+")} -> 90+ | N83: =IF(I83="Pending",G83-H83,0) -> 0 | O83: =VLOOKUP(K83,Agents!$A$1:$C$11,2,0) -> Deepak Nair | P83: =IF(I83="Denied",G83,0) -> 0
A84: C20083 | B84: P-1156 | C84: Green Valley Health | D84: Medicaid | E84: 46148 | F84: 46165 | G84: 13850 | I84: Pending | K84: Vikas R | L84: =MIS_Report!$B$2-F84 -> 145 | M84: {=_xlfn.IFS(L84<=30,"0-30",L84<=60,"31-60",L84<=90,"61-90",TRUE,"90+")} -> 90+ | N84: =IF(I84="Pending",G84-H84,0) -> 13850 | O84: =VLOOKUP(K84,Agents!$A$1:$C$11,2,0) -> Sunita Rao | P84: =IF(I84="Denied",G84,0) -> 0
A85: C20084 | B85: P-1187 | C85: City Care Clinic | D85: Aetna | E85: 46277 | F85: 46287 | G85: 2450 | I85: Pending | K85: Vikas R | L85: =MIS_Report!$B$2-F85 -> 23 | M85: {=_xlfn.IFS(L85<=30,"0-30",L85<=60,"31-60",L85<=90,"61-90",TRUE,"90+")} -> 0-30 | N85: =IF(I85="Pending",G85-H85,0) -> 2450 | O85: =VLOOKUP(K85,Agents!$A$1:$C$11,2,0) -> Sunita Rao | P85: =IF(I85="Denied",G85,0) -> 0
A86: C20085 | B86: P-1302 | C86: Sunrise Hospital | D86: Medicare | E86: 46212 | F86: 46221 | G86: 14725 | H86: 9124.4 | I86: Paid | K86: Anjali T | L86: =MIS_Report!$B$2-F86 -> 89 | M86: {=_xlfn.IFS(L86<=30,"0-30",L86<=60,"31-60",L86<=90,"61-90",TRUE,"90+")} -> 61-90 | N86: =IF(I86="Pending",G86-H86,0) -> 0 | O86: =VLOOKUP(K86,Agents!$A$1:$C$11,2,0) -> Deepak Nair | P86: =IF(I86="Denied",G86,0) -> 0
A87: C20086 | B87: P-1494 | C87: City Care Clinic | D87: Cigna | E87: 46164 | F87: 46167 | G87: 5950 | H87: 4791.88 | I87: Paid | K87: Vikas R | L87: =MIS_Report!$B$2-F87 -> 143 | M87: {=_xlfn.IFS(L87<=30,"0-30",L87<=60,"31-60",L87<=90,"61-90",TRUE,"90+")} -> 90+ | N87: =IF(I87="Pending",G87-H87,0) -> 0 | O87: =VLOOKUP(K87,Agents!$A$1:$C$11,2,0) -> Sunita Rao | P87: =IF(I87="Denied",G87,0) -> 0
A88: C20087 | B88: P-1377 | C88: City Care Clinic | D88: Humana | E88: 46035 | F88: 46055 | G88: 8100 | H88: 4752.7 | I88: Paid | K88: Priya K | L88: =MIS_Report!$B$2-F88 -> 255 | M88: {=_xlfn.IFS(L88<=30,"0-30",L88<=60,"31-60",L88<=90,"61-90",TRUE,"90+")} -> 90+ | N88: =IF(I88="Pending",G88-H88,0) -> 0 | O88: =VLOOKUP(K88,Agents!$A$1:$C$11,2,0) -> Manish Arora | P88: =IF(I88="Denied",G88,0) -> 0
A89: C20088 | B89: P-1112 | C89: Green Valley Health | D89: Blue Cross | E89: 46029 | F89: 46036 | G89: 2775 | H89: 1832.76 | I89: Paid | K89: Rohit B | L89: =MIS_Report!$B$2-F89 -> 274 | M89: {=_xlfn.IFS(L89<=30,"0-30",L89<=60,"31-60",L89<=90,"61-90",TRUE,"90+")} -> 90+ | N89: =IF(I89="Pending",G89-H89,0) -> 0 | O89: =VLOOKUP(K89,Agents!$A$1:$C$11,2,0) -> Deepak Nair | P89: =IF(I89="Denied",G89,0) -> 0
A90: C20089 | B90: P-1069 | C90: Green Valley Health | D90: UnitedHealthcare | E90: 46179 | F90: 46196 | G90: 10375 | H90: 7260.79 | I90: Paid | K90: Priya K | L90: =MIS_Report!$B$2-F90 -> 114 | M90: {=_xlfn.IFS(L90<=30,"0-30",L90<=60,"31-60",L90<=90,"61-90",TRUE,"90+")} -> 90+ | N90: =IF(I90="Pending",G90-H90,0) -> 0 | O90: =VLOOKUP(K90,Agents!$A$1:$C$11,2,0) -> Manish Arora | P90: =IF(I90="Denied",G90,0) -> 0
A91: C20090 | B91: P-1412 | C91: Green Valley Health | D91: Blue Cross | E91: 46030 | F91: 46046 | G91: 9225 | I91: Pending | K91: Anjali T | L91: =MIS_Report!$B$2-F91 -> 264 | M91: {=_xlfn.IFS(L91<=30,"0-30",L91<=60,"31-60",L91<=90,"61-90",TRUE,"90+")} -> 90+ | N91: =IF(I91="Pending",G91-H91,0) -> 9225 | O91: =VLOOKUP(K91,Agents!$A$1:$C$11,2,0) -> Deepak Nair | P91: =IF(I91="Denied",G91,0) -> 0
A92: C20091 | B92: P-1005 | C92: City Care Clinic | D92: Aetna | E92: 46297 | F92: 46300 | G92: 13700 | I92: Pending | K92: Vikas R | L92: =MIS_Report!$B$2-F92 -> 10 | M92: {=_xlfn.IFS(L92<=30,"0-30",L92<=60,"31-60",L92<=90,"61-90",TRUE,"90+")} -> 0-30 | N92: =IF(I92="Pending",G92-H92,0) -> 13700 | O92: =VLOOKUP(K92,Agents!$A$1:$C$11,2,0) -> Sunita Rao | P92: =IF(I92="Denied",G92,0) -> 0
A93: C20092 | B93: P-1192 | C93: Sunrise Hospital | D93: Medicaid | E93: 46087 | F93: 46097 | G93: 4450 | I93: Pending | K93: Vikas R | L93: =MIS_Report!$B$2-F93 -> 213 | M93: {=_xlfn.IFS(L93<=30,"0-30",L93<=60,"31-60",L93<=90,"61-90",TRUE,"90+")} -> 90+ | N93: =IF(I93="Pending",G93-H93,0) -> 4450 | O93: =VLOOKUP(K93,Agents!$A$1:$C$11,2,0) -> Sunita Rao | P93: =IF(I93="Denied",G93,0) -> 0
A94: C20093 | B94: P-1374 | C94: City Care Clinic | D94: Medicaid | E94: 46221 | F94: 46240 | G94: 7775 | H94: 0 | I94: Denied | J94: Coding Error | K94: Amit V | L94: =MIS_Report!$B$2-F94 -> 70 | M94: {=_xlfn.IFS(L94<=30,"0-30",L94<=60,"31-60",L94<=90,"61-90",TRUE,"90+")} -> 61-90 | N94: =IF(I94="Pending",G94-H94,0) -> 0 | O94: =VLOOKUP(K94,Agents!$A$1:$C$11,2,0) -> Manish Arora | P94: =IF(I94="Denied",G94,0) -> 7775
A95: C20094 | B95: P-1160 | C95: City Care Clinic | D95: Medicare | E95: 46110 | F95: 46114 | G95: 12025 | H95: 10944.93 | I95: Paid | K95: Pooja M | L95: =MIS_Report!$B$2-F95 -> 196 | M95: {=_xlfn.IFS(L95<=30,"0-30",L95<=60,"31-60",L95<=90,"61-90",TRUE,"90+")} -> 90+ | N95: =IF(I95="Pending",G95-H95,0) -> 0 | O95: =VLOOKUP(K95,Agents!$A$1:$C$11,2,0) -> Sunita Rao | P95: =IF(I95="Denied",G95,0) -> 0
A96: C20095 | B96: P-1143 | C96: Green Valley Health | D96: Medicare | E96: 46124 | F96: 46134 | G96: 12375 | H96: 7836.4 | I96: Paid | K96: Sandeep Y | L96: =MIS_Report!$B$2-F96 -> 176 | M96: {=_xlfn.IFS(L96<=30,"0-30",L96<=60,"31-60",L96<=90,"61-90",TRUE,"90+")} -> 90+ | N96: =IF(I96="Pending",G96-H96,0) -> 0 | O96: =VLOOKUP(K96,Agents!$A$1:$C$11,2,0) -> Sunita Rao | P96: =IF(I96="Denied",G96,0) -> 0
A97: C20096 | B97: P-1468 | C97: Apex Ortho Center | D97: Cigna | E97: 46257 | F97: 46268 | G97: 12700 | I97: Pending | K97: Priya K | L97: =MIS_Report!$B$2-F97 -> 42 | M97: {=_xlfn.IFS(L97<=30,"0-30",L97<=60,"31-60",L97<=90,"61-90",TRUE,"90+")} -> 31-60 | N97: =IF(I97="Pending",G97-H97,0) -> 12700 | O97: =VLOOKUP(K97,Agents!$A$1:$C$11,2,0) -> Manish Arora | P97: =IF(I97="Denied",G97,0) -> 0
A98: C20097 | B98: P-1197 | C98: Apex Ortho Center | D98: Blue Cross | E98: 46260 | F98: 46270 | G98: 10525 | H98: 0 | I98: Denied | J98: Medical Necessity Not Met | K98: Rahul S | L98: =MIS_Report!$B$2-F98 -> 40 | M98: {=_xlfn.IFS(L98<=30,"0-30",L98<=60,"31-60",L98<=90,"61-90",TRUE,"90+")} -> 31-60 | N98: =IF(I98="Pending",G98-H98,0) -> 0 | O98: =VLOOKUP(K98,Agents!$A$1:$C$11,2,0) -> Manish Arora | P98: =IF(I98="Denied",G98,0) -> 10525
A99: C20098 | B99: P-1230 | C99: Sunrise Hospital | D99: Cigna | E99: 46141 | F99: 46144 | G99: 12375 | I99: Pending | K99: Kavita D | L99: =MIS_Report!$B$2-F99 -> 166 | M99: {=_xlfn.IFS(L99<=30,"0-30",L99<=60,"31-60",L99<=90,"61-90",TRUE,"90+")} -> 90+ | N99: =IF(I99="Pending",G99-H99,0) -> 12375 | O99: =VLOOKUP(K99,Agents!$A$1:$C$11,2,0) -> Deepak Nair | P99: =IF(I99="Denied",G99,0) -> 0
A100: C20099 | B100: P-1414 | C100: Sunrise Hospital | D100: UnitedHealthcare | E100: 46087 | F100: 46103 | G100: 4300 | H100: 4122.18 | I100: Paid | K100: Kavita D | L100: =MIS_Report!$B$2-F100 -> 207 | M100: {=_xlfn.IFS(L100<=30,"0-30",L100<=60,"31-60",L100<=90,"61-90",TRUE,"90+")} -> 90+ | N100: =IF(I100="Pending",G100-H100,0) -> 0 | O100: =VLOOKUP(K100,Agents!$A$1:$C$11,2,0) -> Deepak Nair | P100: =IF(I100="Denied",G100,0) -> 0
...

Sheet Claims_Raw
A1: Claim ID | B1: Patient ID | C1: Facility | D1: Payer | E1: DOS | F1: Submission Date | G1: Billed Amount | H1: Paid Amount | I1: Status | J1: Denial Reason | K1: Assigned Agent
A2: C20001 | B2: P-1411 | C2: Green Valley Health | D2: UnitedHealthcare | E2: 46234 | F2: 46254 | G2: 12200 | H2: 0 | I2: Denied | J2: Duplicate Claim | K2: Amit V
A3: C20002 | B3: P-1324 | C3: City Care Clinic | D3: UnitedHealthcare | E3: 46054 | F3: 46071 | G3: 8050 | H3: 7652.9 | I3: Paid | K3: Vikas R
A4: C20003 | B4: P-1032 | C4: City Care Clinic | D4: Medicare | E4: 46246 | F4: 46254 | G4: 675 | I4: Pending | K4: Neha G
A5: C20004 | B5: P-1327 | C5: Apex Ortho Center | D5: UnitedHealthcare | E5: 46021 | F5: 46038 | G5: 8650 | H5: 0 | I5: Denied | J5: Coding Error | K5: Priya K
A6: C20005 | B6: P-1477 | C6: City Care Clinic | D6: Cigna | E6: 46246 | F6: 46257 | G6: 10700 | I6: Pending | K6: Pooja M
A7: C20006 | B7: P-1055 | C7: Apex Ortho Center | D7: Aetna | E7: 46121 | F7: 46140 | G7: 7675 | H7: 4594 | I7: Paid | K7: Rahul S
A8: C20007 | B8: P-1026 | C8: Green Valley Health | D8: Aetna | E8: 46014 | F8: 46023 | G8: 5650 | I8: Pending | K8: Vikas R
A9: C20008 | B9: P-1398 | C9: Apex Ortho Center | D9: Medicaid | E9: 46232 | F9: 46237 | G9: 14775 | I9: Pending | K9: Sandeep Y
A10: C20009 | B10: P-1051 | C10: City Care Clinic | D10: Medicare | E10: 46190 | F10: 46193 | G10: 10775 | H10: 7120.92 | I10: Paid | K10: Anjali T
A11: C20010 | B11: P-1067 | C11: Green Valley Health | D11: Cigna | E11: 46093 | F11: 46113 | G11: 5100 | H11: 4484.7 | I11: Paid | K11: Priya K
A12: C20011 | B12: P-1303 | C12: Apex Ortho Center | D12: Self Pay | E12: 46209 | F12: 46225 | G12: 5725 | H12: 0 | I12: Denied | J12: Incorrect Patient Info | K12: Rahul S
A13: C20012 | B13: P-1308 | C13: City Care Clinic | D13: Medicare | E13: 46122 | F13: 46130 | G13: 10375 | I13: Pending | K13: Amit V
A14: C20013 | B14: P-1197 | C14: City Care Clinic | D14: Medicare | E14: 46115 | F14: 46132 | G14: 6900 | H14: 6373.05 | I14: Paid | K14: Neha G
A15: C20014 | B15: P-1247 | C15: Sunrise Hospital | D15: Blue Cross | E15: 46144 | F15: 46147 | G15: 9725 | H15: 9546.16 | I15: Paid | K15: Amit V
A16: C20015 | B16: P-1127 | C16: Sunrise Hospital | D16: Medicare | E16: 46089 | F16: 46101 | G16: 6125 | I16: Pending | K16: Rohit B
A17: C20016 | B17: P-1019 | C17: Apex Ortho Center | D17: Medicaid | E17: 46108 | F17: 46123 | G17: 12650 | H17: 7548.61 | I17: Paid | K17: Vikas R
A18: C20017 | B18: P-1035 | C18: Sunrise Hospital | D18: Medicaid | E18: 46138 | F18: 46154 | G18: 12850 | H18: 11232.94 | I18: Paid | K18: Rohit B
A19: C20018 | B19: P-1104 | C19: City Care Clinic | D19: Medicare | E19: 46049 | F19: 46060 | G19: 5725 | I19: Pending | K19: Vikas R
A20: C20019 | B20: P-1498 | C20: Sunrise Hospital | D20: Medicare | E20: 46241 | F20: 46251 | G20: 1825 | H20: 1439.84 | I20: Paid | K20: Amit V
A21: C20020 | B21: P-1071 | C21: City Care Clinic | D21: Humana | E21: 46240 | F21: 46253 | G21: 13650 | I21: Pending | K21: Anjali T
A22: C20021 | B22: P-1374 | C22: Apex Ortho Center | D22: Medicaid | E22: 46194 | F22: 46206 | G22: 1150 | H22: 882.06 | I22: Paid | K22: Priya K
A23: C20022 | B23: P-1377 | C23: Sunrise Hospital | D23: Blue Cross | E23: 46044 | F23: 46061 | G23: 14275 | H23: 13865.48 | I23: Paid | K23: Pooja M
A24: C20023 | B24: P-1446 | C24: Green Valley Health | D24: Humana | E24: 46198 | F24: 46203 | G24: 12400 | I24: Pending | K24: Rahul S
A25: C20024 | B25: P-1006 | C25: City Care Clinic | D25: Medicare | E25: 46275 | F25: 46278 | G25: 10075 | I25: Pending | K25: Priya K
A26: C20025 | B26: P-1225 | C26: Green Valley Health | D26: Blue Cross | E26: 46138 | F26: 46154 | G26: 8750 | H26: 7100 | I26: Paid | K26: Priya K
A27: C20026 | B27: P-1044 | C27: Green Valley Health | D27: Medicare | E27: 46269 | F27: 46288 | G27: 1050 | I27: Pending | K27: Priya K
A28: C20027 | B28: P-1188 | C28: Apex Ortho Center | D28: Medicare | E28: 46259 | F28: 46277 | G28: 6825 | I28: Pending | K28: Kavita D
A29: C20028 | B29: P-1255 | C29: Sunrise Hospital | D29: Medicaid | E29: 46107 | F29: 46126 | G29: 4625 | H29: 4479.94 | I29: Paid | K29: Sandeep Y
A30: C20029 | B30: P-1196 | C30: Sunrise Hospital | D30: UnitedHealthcare | E30: 46108 | F30: 46124 | G30: 5425 | I30: Pending | K30: Pooja M
A31: C20030 | B31: P-1364 | C31: City Care Clinic | D31: Humana | E31: 46123 | F31: 46130 | G31: 3725 | H31: 0 | I31: Denied | J31: Medical Necessity Not Met | K31: Sandeep Y
A32: C20031 | B32: P-1195 | C32: Green Valley Health | D32: Cigna | E32: 46103 | F32: 46109 | G32: 11825 | H32: 0 | I32: Denied | J32: Medical Necessity Not Met | K32: Kavita D
A33: C20032 | B33: P-1142 | C33: City Care Clinic | D33: Cigna | E33: 46241 | F33: 46254 | G33: 2200 | I33: Pending | K33: Sandeep Y
A34: C20033 | B34: P-1012 | C34: Apex Ortho Center | D34: Medicaid | E34: 46192 | F34: 46204 | G34: 14725 | H34: 11112.58 | I34: Paid | K34: Amit V
A35: C20034 | B35: P-1188 | C35: City Care Clinic | D35: Cigna | E35: 46041 | F35: 46047 | G35: 11725 | H35: 9825.11 | I35: Paid | K35: Neha G
A36: C20035 | B36: P-1386 | C36: Green Valley Health | D36: UnitedHealthcare | E36: 46255 | F36: 46266 | G36: 4850 | I36: Pending | K36: Rahul S
A37: C20036 | B37: P-1256 | C37: Sunrise Hospital | D37: Aetna | E37: 46104 | F37: 46114 | G37: 7250 | H37: 7076.5 | I37: Paid | K37: Neha G
A38: C20037 | B38: P-1465 | C38: City Care Clinic | D38: Aetna | E38: 46051 | F38: 46067 | G38: 10225 | H38: 8502.05 | I38: paid | K38: Kavita D
A39: C20038 | B39: P-1104 | C39: City Care Clinic | D39: Cigna | E39: 46267 | F39: 46280 | G39: 12150 | I39: Pending | K39: Priya K
A40: C20039 | B40: P-1500 | C40: Apex Ortho Center | D40: UnitedHealthcare | E40: 46122 | F40: 46132 | G40: 10275 | I40: PENDING | K40: Pooja M
A41: C20040 | B41: P-1215 | C41: Apex Ortho Center | D41: UnitedHealthcare | E41: 46154 | F41: 46157 | G41: 9200 | H41: 6476.1 | I41: Paid | K41: Rahul S
A42: C20041 | B42: P-1403 | C42: Sunrise Hospital | D42: Aetna | E42: 46129 | F42: 46134 | G42: 11275 | H42: 7900.98 | I42: Paid | K42: Rohit B
A43: C20042 | B43: P-1352 | C43: City Care Clinic | D43: Blue Cross | E43: 46271 | F43: 46288 | G43: 12900 | I43: Pending | K43: Anjali T
A44: C20043 | B44: P-1287 | C44: Sunrise Hospital | D44: UnitedHealthcare | E44: 46272 | F44: 46292 | G44: 7725 | I44: Pending | K44: Rohit B
A45: C20044 | B45: P-1445 | C45: Sunrise Hospital | D45: Medicaid | E45: 46142 | F45: 46154 | G45: 10050 | I45: pending | K45: Amit V
A46: C20045 | B46: P-1210 | C46: City Care Clinic | D46: UnitedHealthcare | E46: 46280 | F46: 46291 | G46: 14950 | I46: Pending | K46: Kavita D
A47: C20046 | B47: P-1264 | C47: Green Valley Health | D47: UnitedHealthcare | E47: 46213 | F47: 46216 | G47: 14075 | I47: Pending | K47: Kavita D
A48: C20047 | B48: P-1211 | C48: Green Valley Health | D48: Medicaid | E48: 46067 | F48: 46085 | G48: 2675 | H48: 2119.73 | I48: Paid | K48: Anjali T
A49: C20048 | B49: P-1417 | C49: Green Valley Health | D49: UnitedHealthcare | E49: 46268 | F49: 46275 | G49: 8975 | I49: Pending | K49: Priya K
A50: C20049 | B50: P-1066 | C50: City Care Clinic | D50: Medicare | E50: 46105 | F50: 46121 | G50: 1050 | I50: Pending | K50: Amit V
A51: C20050 | B51: P-1053 | C51: Green Valley Health | D51: Cigna | E51: 46136 | F51: 46139 | G51: 7550 | H51: 6258.16 | I51: Paid | K51: Priya K
A52: C20050 | B52: P-1053 | C52: Green Valley Health | D52: Cigna | E52: 46136 | F52: 46139 | G52: 7550 | H52: 6258.16 | I52: Paid | K52: Priya K
A53: C20051 | B53: P-1449 | C53: Green Valley Health | D53: Medicare | E53: 46273 | F53: 46284 | G53: 5350 | I53: Pending | K53: Vikas R
A54: C20052 | B54: P-1271 | C54: Sunrise Hospital | D54: Blue Cross | E54: 46286 | F54: 46294 | G54: 14075 | H54: 11785.14 | I54: Paid | K54: Kavita D
A55: C20053 | B55: P-1161 | C55: Apex Ortho Center | D55: Humana | E55: 46082 | F55: 46092 | G55: 9175 | I55: Pending | K55: Neha G
A56: C20054 | B56: P-1132 | C56: Green Valley Health | D56: Medicare | E56: 46125 | F56: 46134 | G56: 2775 | H56: 2433.56 | I56: Paid | K56: Vikas R
A57: C20055 | B57: P-1291 | C57: Apex Ortho Center | D57: Humana | E57: 46078 | F57: 46087 | G57: 10600 | H57: 6288.19 | I57: Paid | K57: Pooja M
A58: C20056 | B58: P-1036 | C58: Green Valley Health | D58: Medicare | E58: 46063 | F58: 46082 | G58: 9075 | H58: 5763.11 | I58: Paid | K58: Rahul S
A59: C20057 | B59: P-1080 | C59: Apex Ortho Center | D59: Humana | E59: 46268 | F59: 46286 | G59: 4050 | H59: 2541.87 | I59: Paid | K59: Priya K
A60: C20058 | B60: P-1218 | C60: Apex Ortho Center | D60: Aetna | E60: 46047 | F60: 46054 | G60: 12125 | H60: 8801.51 | I60: Paid | K60: Kavita D
A61: C20059 | B61: P-1092 | C61: Green Valley Health | D61: Aetna | E61: 46211 | F61: 46214 | G61: 1325 | I61: Pending | K61: Pooja M
A62: C20060 | B62: P-1043 | C62: Green Valley Health | D62: UnitedHealthcare | E62: 46221 | F62: 46230 | G62: 4525 | H62: 3147.88 | I62: Paid | K62: Neha G
A63: C20061 | B63: P-1059 | C63: Sunrise Hospital | D63: BLUE CROSS | E63: 46268 | F63: 46281 | G63: 6900 | I63: Pending | K63: Vikas R
A64: C20062 | B64: P-1207 | C64: Sunrise Hospital | D64: Cigna | E64: 46078 | F64: 46091 | G64: 14075 | H64: 12588.02 | I64: Paid | K64: Priya K
A65: C20063 | B65: P-1462 | C65: City Care Clinic | D65: Medicaid | E65: 46185 | F65: 46197 | G65: 12300 | H65: 0 | I65: Denied | J65: Incorrect Patient Info | K65: Sandeep Y
A66: C20064 | B66: P-1254 | C66: Sunrise Hospital | D66: Cigna | E66: 46186 | F66: 46195 | G66: 10675 | H66: 7742.76 | I66: Paid | K66: Vikas R
A67: C20065 | B67: P-1025 | C67: Sunrise Hospital | D67: Cigna | E67: 46028 | F67: 46034 | G67: 3050 | H67: 2228.64 | I67: Paid | K67: Rahul S
A68: C20066 | B68: P-1212 | C68: City Care Clinic | D68: UnitedHealthcare | E68: 46062 | F68: 46073 | G68: 6700 | H68: 5314.57 | I68: Paid | K68: Priya K
A69: C20067 | B69: P-1277 | C69: City Care Clinic | D69: Aetna | E69: 46031 | F69: 46046 | G69: 4375 | H69: 0 | I69: Denied | J69: Medical Necessity Not Met | K69: Anjali T
A70: C20068 | B70: P-1247 | C70: Apex Ortho Center | D70: UnitedHealthcare | E70: 46226 | F70: 46238 | G70: 13775 | H70: 10864.12 | I70: Paid | K70: Sandeep Y
A71: C20069 | B71: P-1209 | C71: Green Valley Health | D71: Medicare | E71: 46171 | F71: 46174 | G71: 650 | H71: 542.65 | I71: Paid | K71: Pooja M
A72: C20070 | B72: P-1244 | C72: Apex Ortho Center | D72: Self Pay | E72: 46222 | F72: 46226 | G72: 8450 | H72: 0 | I72: Denied | J72: Coding Error | K72: Neha G
A73: C20071 | B73: P-1370 | C73: Green Valley Health | D73: MEDICARE | E73: 46027 | F73: 46046 | G73: 2800 | I73: Pending | K73: Neha G
A74: C20072 | B74: P-1270 | C74: Sunrise Hospital | D74: Medicare | E74: 46077 | F74: 46081 | G74: 10975 | H74: 6293.34 | I74: Paid | K74: Anjali T
A75: C20073 | B75: P-1186 | C75: Sunrise Hospital | D75: Humana | E75: 46078 | F75: 46094 | G75: 11950 | H75: 10239.99 | I75: Paid | K75: Amit V
A76: C20074 | B76: P-1433 | C76: Apex Ortho Center | D76: Medicaid | E76: 46127 | F76: 46145 | G76: 3200 | H76: 2490.59 | I76: Paid | K76: Kavita D
A77: C20075 | B77: P-1468 | C77: Sunrise Hospital | D77: Blue Cross | E77: 46109 | F77: 46120 | G77: 6425 | H77: 6366.37 | I77: Paid | K77: Rahul S
A78: C20076 | B78: P-1113 | C78: Apex Ortho Center | D78: Medicare | E78: 46051 | F78: 46054 | G78: 7225 | H78: 4097.44 | I78: Paid | K78: Priya K
A79: C20077 | B79: P-1107 | C79: Apex Ortho Center | D79: Medicaid | E79: 46085 | F79: 46105 | G79: 6300 | H79: 4821.7 | I79: Paid | K79: Amit V
A80: C20078 | B80: P-1319 | C80: Sunrise Hospital | D80: Aetna | E80: 46055 | F80: 46061 | G80: 11750 | I80: Pending | K80: Sandeep Y
A81: C20079 | B81: P-1148 | C81: Sunrise Hospital | D81: Aetna | E81: 46215 | F81: 46222 | G81: 9725 | H81: 0 | I81: Denied | J81: Coding Error | K81: Pooja M
A82: C20080 | B82: P-1248 | C82: Green Valley Health | D82: Medicaid | E82: 46055 | F82: 46072 | G82: 8575 | H82: 6893.42 | I82: paid | K82: Rahul S
A83: C20081 | B83: P-1309 | C83: City Care Clinic | D83: Cigna | E83: 46049 | F83: 46061 | G83: 5750 | I83: Pending | K83: Anjali T
A84: C20082 | B84: P-1464 | C84: City Care Clinic | D84: Medicaid | E84: 46178 | F84: 46190 | G84: 3950 | H84: 2753.86 | I84: Paid | K84: Anjali T
A85: C20083 | B85: P-1156 | C85: Green Valley Health | D85: Medicaid | E85: 46148 | F85: 46165 | G85: 13850 | I85: Pending | K85: Vikas R
A86: C20084 | B86: P-1187 | C86: City Care Clinic | D86: Aetna | E86: 46277 | F86: 46287 | G86: 2450 | I86: Pending | K86: Vikas R
A87: C20085 | B87: P-1302 | C87: Sunrise Hospital | D87: Medicare | E87: 46212 | F87: 46221 | G87: 14725 | H87: 9124.4 | I87: Paid | K87: Anjali T
A88: C20086 | B88: P-1494 | C88: City Care Clinic | D88: Cigna | E88: 46164 | F88: 46167 | G88: 5950 | H88: 4791.88 | I88: Paid | K88: Vikas R
A89: C20087 | B89: P-1377 | C89: City Care Clinic | D89: Humana | E89: 46035 | F89: 46055 | G89: 8100 | H89: 4752.7 | I89: Paid | K89: Priya K
A90: C20088 | B90: P-1112 | C90: Green Valley Health | D90: Blue Cross | E90: 46029 | F90: 46036 | G90: 2775 | H90: 1832.76 | I90: Paid | K90: Rohit B
A91: C20089 | B91: P-1069 | C91: Green Valley Health | D91: UnitedHealthcare | E91: 46179 | F91: 46196 | G91: 10375 | H91: 7260.79 | I91: Paid | K91: Priya K
A92: C20090 | B92: P-1412 | C92: Green Valley Health | D92: Blue Cross | E92: 46030 | F92: 46046 | G92: 9225 | I92: pending | K92: Anjali T
A93: C20091 | B93: P-1005 | C93: City Care Clinic | D93: Aetna | E93: 46297 | F93: 46300 | G93: 13700 | I93: Pending | K93: Vikas R
A94: C20092 | B94: P-1192 | C94: Sunrise Hospital | D94: Medicaid | E94: 46087 | F94: 46097 | G94: 4450 | I94: Pending | K94: Vikas R
A95: C20093 | B95: P-1374 | C95: City Care Clinic | D95: Medicaid | E95: 46221 | F95: 46240 | G95: 7775 | H95: 0 | I95: denied | J95: Coding Error | K95: Amit V
A96: C20094 | B96: P-1160 | C96: City Care Clinic | D96: Medicare | E96: 46110 | F96: 46114 | G96: 12025 | H96: 10944.93 | I96: Paid | K96: pooja m
A97: C20095 | B97: P-1143 | C97: Green Valley Health | D97: Medicare | E97: 46124 | F97: 46134 | G97: 12375 | H97: 7836.4 | I97: Paid | K97: Sandeep Y
A98: C20096 | B98: P-1468 | C98: Apex Ortho Center | D98: Cigna | E98: 46257 | F98: 46268 | G98: 12700 | I98: Pending | K98: Priya K
A99: C20097 | B99: P-1197 | C99: Apex Ortho Center | D99: Blue Cross | E99: 46260 | F99: 46270 | G99: 10525 | H99: 0 | I99: Denied | J99: Medical Necessity Not Met | K99: Rahul S
A100: C20098 | B100: P-1230 | C100: Sunrise Hospital | D100: Cigna | E100: 46141 | F100: 46144 | G100: 12375 | I100: Pending | K100: Kavita D
...

Sheet MIS_Report
A1: Report_Date | B1: Date_Type
B2: 46310
A3: KPI | B3: Value
A4: Total Claims | B4: =COUNTA(Claims_Clean!A:A)-1 -> 1000
A5: Total Billed | B5: =SUM(Claims_Clean!G2:G1001) -> 7777300
A6: Total Collected | B6: =SUM(Claims_Clean!H:H) -> 3373662
A7: Total Outstanding | B7: =SUM(Claims_Clean!N2:N1001) -> 2534725
A8: Denied Claims | B8: =COUNTIF(Claims_Clean!I2:I1001,"Denied") -> 114
A9: Denial Rate | B9: =B8/B4 -> 0.114
A10: Collected Rate | B10: =B6/B5 -> 0.43378319
A11: Outstanding 90+ | B11: =SUMIF(Claims_Clean!M2:M1001,"90+",Claims_Clean!N2:N1001) -> 1287000
A12: 90+ % of Outstanding | B12: =B11/B7 -> 0.50774739

Sheet Agents
A1: Agent | B1: Team Lead | C1: Daily Target (Accounts)
A2: Rahul S | B2: Manish Arora | C2: 45
A3: Priya K | B3: Manish Arora | C3: 50
A4: Amit V | B4: Manish Arora | C4: 40
A5: Neha G | B5: Manish Arora | C5: 45
A6: Sandeep Y | B6: Sunita Rao | C6: 50
A7: Pooja M | B7: Sunita Rao | C7: 45
A8: Vikas R | B8: Sunita Rao | C8: 40
A9: Anjali T | B9: Deepak Nair | C9: 50
A10: Rohit B | B10: Deepak Nair | C10: 45
A11: Kavita D | B11: Deepak Nair | C11: 40

Sheet Daily_Productivity
A1: Work Date | B1: Agent | C1: Accounts Worked | D1: Hours Logged | E1: Quality %
A2: 46266 | B2: Rahul S | C2: 37 | D2: 7.8 | E2: 91
A3: 46266 | B3: Priya K | C3: 46 | D3: 8.1 | E3: 90.2
A4: 46266 | B4: Amit V | C4: 34 | D4: 8.2 | E4: 98.5
A5: 46266 | B5: Neha G | C5: 47 | D5: 7.3 | E5: 90.4
A6: 46266 | B6: Sandeep Y | C6: 49 | D6: 7.9 | E6: 94.9
A7: 46266 | B7: Pooja M | C7: 47 | D7: 8.1 | E7: 95.9
A8: 46266 | B8: Vikas R | C8: 33 | D8: 8.9 | E8: 92.1
A9: 46266 | B9: Anjali T | C9: 49 | D9: 7.7 | E9: 98
A10: 46266 | B10: Rohit B | C10: 48 | D10: 8.8 | E10: 95.4
A11: 46266 | B11: Kavita D | C11: 48 | D11: 8.1 | E11: 91.7
A12: 46267 | B12: Rahul S | C12: 34 | D12: 7.5 | E12: 91.1
A13: 46267 | B13: Priya K | C13: 40 | D13: 8.1 | E13: 94.5
... A315: 46310 | B315: Kavita D | C315: 28 | D315: 8.8 | E315: 90.8

Sheet Productivity_Report
A1: Agent | B1: Days worked | C1: Total Accounts | D1: Daily Target | E1: Target Total | F1: Productivity % | G1: Avg Quality %
A2: {=Agents!A2:A11} -> Rahul S | B2: {=COUNTIF(Daily_Productivity!B2:B315,_xlfn.ANCHORARRAY(Productivity_Report!A2))} -> 31 | C2: {=SUMIF(Daily_Productivity!B2:B315,_xlfn.ANCHORARRAY(Productivity_Report!A2),Daily_Productivity!C2:C315)} -> 1331 | D2: =VLOOKUP(A2,Agents!$A$2:$C$11,3,0) -> 45 | E2: =B2*D2 -> 1395 | F2: =C2/E2 -> 0.95412186 | G2: {=AVERAGEIF(Daily_Productivity!B2:B315,_xlfn.ANCHORARRAY(Productivity_Report!A2),Daily_Productivity!E2:E315)} -> 93.577419
A3: Priya K | B3: 31 | C3: 1436 | D3: =VLOOKUP(A3,Agents!$A$2:$C$11,3,0) -> 50 | E3: =B3*D3 -> 1550 | F3: =C3/E3 -> 0.92645161 | G3: 92.958065
A4: Amit V | B4: 32 | C4: 1168 | D4: =VLOOKUP(A4,Agents!$A$2:$C$11,3,0) -> 40 | E4: =B4*D4 -> 1280 | F4: =C4/E4 -> 0.9125 | G4: 94.2
A5: Neha G | B5: 31 | C5: 1393 | D5: =VLOOKUP(A5,Agents!$A$2:$C$11,3,0) -> 45 | E5: =B5*D5 -> 1395 | F5: =C5/E5 -> 0.99856631 | G5: 94.551613
A6: Sandeep Y | B6: 33 | C6: 1636 | D6: =VLOOKUP(A6,Agents!$A$2:$C$11,3,0) -> 50 | E6: =B6*D6 -> 1650 | F6: =C6/E6 -> 0.99151515 | G6: 92.790909
A7: Pooja M | B7: 31 | C7: 1346 | D7: =VLOOKUP(A7,Agents!$A$2:$C$11,3,0) -> 45 | E7: =B7*D7 -> 1395 | F7: =C7/E7 -> 0.96487455 | G7: 93.445161
A8: Vikas R | B8: 32 | C8: 1211 | D8: =VLOOKUP(A8,Agents!$A$2:$C$11,3,0) -> 40 | E8: =B8*D8 -> 1280 | F8: =C8/E8 -> 0.94609375 | G8: 94.05
A9: Anjali T | B9: 32 | C9: 1580 | D9: =VLOOKUP(A9,Agents!$A$2:$C$11,3,0) -> 50 | E9: =B9*D9 -> 1600 | F9: =C9/E9 -> 0.9875 | G9: 93.7
A10: Rohit B | B10: 31 | C10: 1310 | D10: =VLOOKUP(A10,Agents!$A$2:$C$11,3,0) -> 45 | E10: =B10*D10 -> 1395 | F10: =C10/E10 -> 0.9390681 | G10: 93.909677
A11: Kavita D | B11: 30 | C11: 1135 | D11: =VLOOKUP(A11,Agents!$A$2:$C$11,3,0) -> 40 | E11: =B11*D11 -> 1200 | F11: =C11/E11 -> 0.94583333 | G11: 93.446667
A13: Key Insights
A14: Team productivity | B14: =SUM(_xlfn.ANCHORARRAY(C2))/SUM(E2:E11) -> 0.95799151
A15: Team productivity is 95.8% against target; no agent has reached 100%.
A16: Top performers: Neha G (99.9%), Sandeep Y (99.2%), Anjali T (98.8%).
A17: Amit V is the lowest at 91.3%, while quality is similar across the team (92.8 to 94.6), so the gap is in speed, not accuracy.
A18: Recommendation: review Amit V’s workload and process with the team lead.

Sheet Pivots
A1: Healthcare MIS
A2: KPI cards
A3: Total Outstanding | B3: =MIS_Report!B7 -> 2534725
A4: Denial Rate | B4: =MIS_Report!B9 -> 0.114
A5: Collected Rate | B5: =MIS_Report!B10 -> 0.43378319
A6: 90+ % of Outstanding | B6: =MIS_Report!B12 -> 0.50774739
A9: Row Labels | B9: Sum of Outstanding_Amount
A10: 0-30 | B10: 510950
A11: 31-60 | B11: 412150
A12: 61-90 | B12: 324625
A13: 90+ | B13: 1287000
A14: Grand Total | B14: 2534725
A17: Row Labels | B17: Sum of Outstanding_Amount
A18: Unknown | B18: 54350
A19: Self Pay | B19: 76700
A20: Humana | B20: 216125
A21: Cigna | B21: 239275
A22: Medicaid | B22: 295275
A23: Aetna | B23: 331875
A24: UnitedHealthcare | B24: 342100
A25: Blue Cross | B25: 389050
A26: Medicare | B26: 589975
A27: Grand Total | B27: 2534725
A31: Row Labels | B31: Sum of Denied_Amount
A32: Duplicate Claim | B32: 68525
A33: Timely Filing Exceeded | B33: 90175
A34: Incorrect Patient Info | B34: 97250
A35: Missing Prior Authorization | B35: 105600
A36: Medical Necessity Not Met | B36: 133525
A37: Patient Not Eligible | B37: 188775
A38: Coding Error | B38: 216000
A39: Grand Total | B39: 899850
A43: Row Labels | B43: Sum of Productivity %
A44: Amit V | B44: 0.9125
A45: Priya K | B45: 0.92645161
A46: Rohit B | B46: 0.9390681
A47: Kavita D | B47: 0.94583333
A48: Vikas R | B48: 0.94609375
A49: Rahul S | B49: 0.95412186
A50: Pooja M | B50: 0.96487455
A51: Anjali T | B51: 0.9875
A52: Sandeep Y | B52: 0.99151515
A53: Neha G | B53: 0.99856631

Sheet MIS_Dashboard
A1: Healthcare MIS Dashboard
A4: Total Claims | C4: Total Billed (Lakh) | E4: Collected (Lakh) | G4: Outstanding (Lakh) | I4: Denial Rate | K4: 90+ % of Outstanding
A5: =MIS_Report!B4 -> 1000 | C5: =MIS_Report!B5/100000 -> 77.773 | E5: =MIS_Report!B6/100000 -> 33.73662 | G5: =MIS_Report!B7/100000 -> 25.34725 | I5: =MIS_Report!B9 -> 0.114 | K5: =MIS_Report!B12 -> 0.50774739
A35: Key Insights
A36: 90+ day claims hold 50.8% of outstanding (12.87 lakh of 25.35 lakh).
A37: Medicare holds the largest share of outstanding (5.90 lakh, about 23%).
A38: Coding Error and Patient Not Eligible make up 45% of denied amount, and both are preventable before submission.
A39: Team productivity is 95.8% of target; Amit V is lowest at 91.3% while quality is similar across agents.
A40: Recommendation: work the 90+ bucket first, add pre-submission coding checks, and review Amit V's workload.
A41: Dummy data for practice. Report date: 15-Oct-2026.
